Name;Kategorie;Art;Attribute für die Handlung;Limit;Benötigte Marken;Attribute für die Verteidigung;Erläuterung
Abschneiden;Matrixhandlung;Komplexe Handlung;Matrixkampf + Logik;Angriff;Keine;Willenskraft + Firewall;"Das Ziel dieser Handlung muss eine Persona sein, die nicht in der VR läuft. Abschneiden schaltet alle Funktionen ab, die mit dem PAN des Ziels zu tun haben. Physische Geräte funktionieren noch: Smartguns können noch schießen, Chemoanzüge bieten noch Schutz, aber nur ohne WiFi- oder PAN-bezogene Funktionen. Diese Wirkung hält an, bis dem Ziel eine Ausgedehnte Probe auf Computer + Logik [Datenverarbeitung] (Nettoerfolge des Hackers, Einfache Handlung) gelingt. Das Ziel kann sein Gerät mit einer Komplexen Handlung auch einfach neu starten; das Gerät ist dann am Ende der nächsten Kampfrunde wieder online. Ein Patzer bei der Ausgedehnten Probe zur Reparatur des Geräts führt zu einem zusätzlichen Nettoerfolg für die Probe des Hackers. Ein Kritischer Patzer sorgt dafür, dass auf allen Geräten innerhalb des PANs die Betriebssysteme neu installiert werden müssen. Das dauert mehrere Stunden und benötigt eine Verbindung zu einem Gerät, auf dem eine Persona laufen kann."
Ausstöpseln;Matrixhandlung;Einfache Handlung;Hardware + Willenskraft;Firewall;Besitzer;Logik + Angriff;Durch diese Handlung wird der Charakter von der Matrix getrennt, und sein Zugangsgerät wird neu gestartet. Wenn er in der VR war und nicht zuerst in die AR gewechselt ist, erleidet er Auswurfschock (S. 226). Die Probe ist nur dann eine Vergleichende Probe, wenn der Charakter von jemandem mit einer Linksperre (S. 226) belegt wurde. Dann ist das Icon, das seine Verbindung sperrt, der Verteidiger. Wenn mehr als eine Persona den Charakter mit einer Linksperre belegt hat, muss er jeden Gegner einzeln besiegen. Er legt eine einzelne Probe ab, und jeder Gegner legt eine eigene Verteidigungsprobe ab. Man kann nur sich selbst ausstöpseln. Man kann niemanden auswerfen, es sei denn, man setzt ihn durch Matrixschaden außer Gefecht.
Befehl vortäuschen;Matrixhandlung;Komplexe Handlung;Hacking + Intuition;Schleicher;1;Firewall + Logik;Der Charakter täuscht vor, der Besitzer des Geräts zu sein und ihm legitime Befehle zu erteilen. Dafür braucht er eine Marke auf dem Icon des Besitzers, nicht dem des Geräts. Die Gegenseite wehrt sich aber basierend auf dem Gerät. Dieser Trick funktioniert nur bei Geräten oder Agenten, nicht bei IC, Sprites, Hosts, Personas oder anderen Icons. Wenn der Charakter diese Handlung durchführt, kann er dem Gerät befehlen, etwas zu tun, was es normalerweise autonom oder semi-autonom tun kann. Ein Magschloss kann sich öffnen oder schließen, eine Smartgun kann ihren Ladestreifen auswerfen oder ihren Feuermodus ändern, eine Drohne kann Leute von ihrer Zielliste entfernen oder zu ihr hinzufügen – und das sind nur einige Beispiele. Die meisten Geräte können (anders als Agenten, bei denen Befehl Vortäuschen auch funktioniert) keine eigenen Matrixhandlungen wie Marke Einladen, Interfacemodus Wechseln oder Ausstöpseln durchführen, aber die meisten können sich neu starten oder Nachrichten übermitteln. Wenn der Spielleiter nicht sicher ist, ob ein Gerät in der Lage ist, den Befehl des Charakters auszuführen, kann er eine Probe auf Gerätestufe x 2 (mit einem Schwellenwert je nach Situation) ablegen, um herauszu nden, ob das Gerät den Befehl des Charakters versteht.
Brute Force;Matrixhandlung;Komplexe Handlung;Matrixkampf + Logik;Angriff;Keine;Willenskraft / Gerätestufe x 2 + Firewall;Mit dieser Handlung kann ein Charakter uneingeladen eine Marke auf einem Ziel platzieren. Diese Handlung wird von Hackern genutzt, die das Attribut Angriff dem Attribut Schleicher vorziehen (und ist mit dem Eiligen Hacken verwandt). Wenn der Charakter bei dieser Handlung Erfolg hat, platziert er eine Marke auf dem Ziel. Er kann auf einem Icon maximal 3 Marken platzieren. Wenn er will, kann er dem Ziel außerdem pro volle 2 Nettoerfolge 1 Kästchen Matrixschaden zufügen, wenn es Matrixschaden erleiden kann. Diesem Schaden wird mit Gerätestufe + Firewall widerstanden. Vor dem Würfeln kann der Charakter ansagen, dass er mehr als eine Marke auf einmal platzieren will. Wenn er 2 Marken gleichzeitig platzieren will, erhält er einen Würfelpoolmodi-  kator von -4 auf die Probe. Wenn er es mit 3 Marken auf einmal versucht, beträgt der Malus -10. Ein Charakter kann mit dieser Handlung auch in ein Gitter wechseln, zu dem er keinen legalen Zugang hat. Der Verteidigungspool dagegen beträgt 4 für ein lokales Gitter und 6 für ein globales Gitter. Wenn dem Charakter die Probe gelingt, platziert er keine Marke auf dem Gitter, sondern springt sofort in das entsprechende Gitter. Ein erfolgreicher Gitterwechsel mit Brute Force alarmiert das Gitter oder seinen Halbgott nicht in gleicher Weise, wie das die meisten anderen erfolgreichen Angriffshandlungen tun (s. Das Bemerken von Hackern, S. 232)
Datei cracken;Matrixhandlung;Komplexe Handlung;Hacking + Logik;Angriff;1;Schutzstufe der Datei x 2;Der Charakter knackt mit dieser Handlung den Schutz einer Datei, wodurch sie lesbar und editierbar wird. Bei einer ungeschützten Datei muss diese Handlung natürlich nicht durchgeführt werden.
Datei editieren;Matrixhandlung;Komplexe Handlung;Computer + Logik;Datenverarbeitung;1;Firewall + Intuition / Hoststufe;Diese Handlung erlaubt es, Dateien zu erstellen, zu ändern, zu kopieren, zu schützen oder zu löschen. Der Verteidiger bei dieser Probe ist entweder der Host, auf dem die Datei liegt, oder der Besitzer der Datei (wenn sie sich nicht auf einem Host be ndet). Mit jeder Handlung kann ein Detail der Datei verändert werden: ein kurzer Absatz Text, ein Detail eines Bilds oder zwei bis drei Sekunden Video oder Audio (Sie müssen gemeinsam mit dem Spielleiter festlegen, was genau gemacht werden kann). Der Spielleiter kann einen Malus für diese Probe festlegen, wenn komplexe oder schwierige Änderungen vorgenommen werden sollen. Wenn der Charakter eine Datei fortlaufend ändern (also etwa sein Team aus einer Videoübertragung entfernen) will, muss er diese Handlung einmal pro Kampfrunde durchführen, solange er diese Änderungen vornehmen will. Wenn der Charakter diese Handlung einsetzt, um eine Datei zu kopieren, wird er zum Besitzer der Kopie. Wenn die Datei, die er zu kopieren versucht, geschützt ist, scheitert die Handlung automatisch. Wenn die Datei eine Datenbombe hat, wird diese gezündet (man sollte also Dateien immer überprüfen, bevor man sie öffnet). Wenn der Charakter der Besitzer einer Datei ist, kann er sie mit dieser Handlung auch schützen. Um eine Datei zu schützen, ist eine Erfolgsprobe auf Computer + Logik [Datenverarbeitung] erforderlich. Die Anzahl der Erfolge dabei wird zur Schutzstufe der Datei. Eine geschützte Datei kann nicht gelesen, verändert, gelöscht oder kopiert werden, bevor der Schutz durchbrochen wurde
Datenbombe entschärfen;Matrixhandlung;Komplexe Handlung;Software + Intuition;Firewall;Keine;Stufe der Datenbombe x 2;Der Charakter versucht, eine Datenbombe zu entschärfen, die er (gewöhnlich durch eine Matrixwahrnehmungsprobe) entdeckt hat. Wenn er Nettoerfolge erzielt, wird die Datenbombe entschärft und gelöscht. Wenn nicht, wird sie aktiviert, verursacht Schaden und löscht vielleicht die Datei, in die sie eingep anzt wurde (wenn das in ihrem Code vorgesehen ist)
Datenbombe legen;Matrixhandlung;Komplexe Handlung;Software + Logik;Schleicher;1;Gerätestufe x 2;Software + Logik [Schleicher] gegen Gerätestufe x 2 Der Charakter platziert eine Datenbombe in einer Datei. Wenn er das tut, legt er die Stufe der Datenbombe fest, die maximal so hoch sein kann wie die Anzahl seiner Nettoerfolge bei der Probe. Außerdem muss er festlegen, ob die Datenbombe die verminte Datei löschen soll, wenn sie aktiviert wird, und er muss ein Passwort festlegen, das die Datenbombe davon abhält, hochzugehen. Eine Datei kann nur eine Datenbombe gleichzeitig enthalten. Die Datenbombe wird ausgelöst, wenn jemand ohne Benutzung des Passworts versucht, die Datei zu lesen, zu verändern, zu kopieren, zu schützen oder zu löschen oder eine andere Datenbombe darin zu legen. Wenn eine Datenbombe hochgeht, verursacht sie (Stufe x W6) Matrixschaden beim auslösenden Icon (das dem Schaden wie gewohnt widersteht), löscht die Datei (wenn sie so eingestellt ist) und anschließend sich selbst. Wenn das Passwort benutzt wird, aktiviert sich die Datenbombe nicht. Stattdessen bleibt sie in der Datei und wartet auf den nächsten Zugriff. Eine Datenbombe kann mit Matrixwahrnehmung entdeckt werden. Wenn sie entdeckt ist, kann sie mit der Handlung Datenbombe Entschärfen entschärft werden. Eine entschärfte Datenbombe wird gelöscht.
Datenspike;Matrixhandlung;Komplexe Handlung;Matrixkampf + Logik;Angriff;Keine;Firewall + Intuition;Der Charakter schickt Schadcode gegen eine Persona oder ein Gerät, was beim Ziel zu Matrixschaden führt. Sein Angriff hat einen Schadenscode gleich der Stufe seines Matrixattributs Angriff, der pro Nettoerfolg um 1 Kästchen erhöht wird. Außerdem erhöht jede Marke, die der Charakter auf dem Ziel platziert hat, den Schaden ebenfalls um 2 Kästchen. Dieser Schaden ist Matrixschaden (siehe S. 225), dem mit Gerätestufe + Firewall widerstanden wird.
Dienstverweigerung;Matrixhandlung;Einfache Handlung;Matrixkampf + Logik;Angriff;s. Beschreibung;Firewall + Willenskraft;Feindliche Waffen mit aktiviertem WiFi werden beinahe nutzlos, wenn du die Datenströme mit Rauschen verseuchst. Ein Decker oder Technomancer kann ein Gerät oder PAN, das über WiFi aktiv ist, als Ziel auswählen. Dafür legt er eine Vergleichende Probe auf Computer + Intuition [Datenverarbeitung] gegen Willenskraft + Firewall des Ziels ab. Gelingt die Probe, erhält das Ziel bis zum Beginn der nächsten Kampfrunde die doppelte Anzahl der Nettoerfolge als Würfelpoolmalus auf alle Proben, die mit dem Gerät durchgeführt werden. Für jede Marke, die der Decker oder Technomancer auf einem gegnerischen PAN platziert hat, kann er diesen Effekt auf zwei zusätzliche Slaves des PANs ausdehnen.
Digitalverteidigung;Matrixhandlung;Komplexe Handlung;Computer + Intuition;Datenverarbeitung;Keine;ohne;Statt eines Angriffs lässt der Hacker Software zur Identifizierung von Bedrohungen laufen, wodurch Verbündete einen Vorteil bei der Verteidigung erhalten. Mit dieser Handlung kann der Hacker allen Verbündeten, die Zugang zu seiner AR-Übertragung haben, einen Würfelpoolbonus bei Verteidigungsproben verleihen. Die Anzahl der Bonuswürfel ist gleich der Anzahl der Erfolge bei einer Probe auf Computer + 38 Ihr wollt also Hacker sein Intuition [Datenverarbeitung]. Der Bonus bleibt bis zum Beginn des nächsten Initiativedurchgangs des Hackers bestehen. Der Hacker kann die AR-Übertragung maximal an eine Anzahl von Usern gleich der Höhe seines Attributs Datenverarbeitung übermitteln. Wenn er diese Handlung als Unterbrechungshandlung durchführt, sinkt sein Initiativeergebnis um 5.
Eiliges Hacken;Matrixhandlung;Komplexe Handlung;Hacking + Logik;Schleicher;Keine;Intuition + Firewall / Gerätestufe x 2;Der Charakter kann mit dieser Handlung uneingeladen eine Marke auf einem Ziel platzieren. Diese Handlung wird von Hackern genutzt, die das Attribut Schleicher dem Attribut Angriff vorziehen (und ist mit Brute Force verwandt). Wenn das Ziel ein Icon ist, platziert der Charakter, wenn er gewinnt, 1 bis maximal 3 Marken darauf. Außerdem zählen je 2 volle Nettoerfolge als 1 Erfolg bei einer Matrixwahrnehmungsprobe, sodass der Charakter auch noch ein paar Informationen über das Ziel seiner Marke erhält. Vor dem Würfeln kann der Charakter ansagen, dass er mehr als eine Marke auf einmal platzieren will. Wenn er 2 Marken gleichzeitig platzieren will, erhält er einen Würfelpoolmodi-  kator von -4 auf die Probe. Wenn er es mit 3 Marken auf einmal versucht, beträgt der Malus -10. Ein Charakter kann mit dieser Handlung auch in ein Gitter wechseln, zu dem er keinen legalen Zugang hat. Der Verteidigungspool dagegen beträgt 4 für ein lokales Gitter und 6 für ein globales Gitter. Wenn dem Charakter die Probe gelingt, platziert er keine Marke auf dem Gitter, sondern springt sofort in das entsprechende Gitter. Ein misslungener Gitterwechsel mittels Eiligem Hacken alarmiert das Gitter oder seinen Halbgott nicht in der Weise, wie das bei den meisten misslungenen Schleicherhandlungen geschieht (s. Das Bemerken von Hackern, S. 232).
Ersticken;Matrixhandlung;Einfache Handlung;Elektronische Kriegsführung + Logik;Angriff;Keine;Intuition + Schleicher;Warum geht mein Kommlink nicht? Und wo kommt dieses Rauschen her? Eine erfolgreiche Ersticken-Probe verhindert für [Nettoerfolge] Minuten, dass das Ziel Anrufe tätigt oder Nachrichten abschickt.
Gerät formatieren;Matrixhandlung;Komplexe Handlung;Computer + Logik;Schleicher;3;Firewall + Willenskraft;Der Charakter schreibt den Bootsektor des Geräts um. Beim nächsten Neustart schaltet sich das Gerät einfach dauerhaft aus. Das kann durch das Ersetzen der Software wieder behoben werden, wozu eine Ausgedehnte Probe auf Software + Logik [Geistig] (12, 1 Stunde) nötig ist. Ein Gerät, das sich auf diese Weise ausgeschaltet hat, verliert alle seine WiFi-Vorteile, kann aber weiter als normaler Mechanismus benutzt werden (eine Tür mit Klinke kann geöffnet werden, eine Waffe mit Abzug kann abgefeuert werden usw.). Außerdem ist es nicht mehr über die Matrix erreichbar.
Gerät markieren;Matrixhandlung;Komplexe Handlung;Elektronische Kriegsführung + Logik;Datenverarbeitung;Keine;Firewall + Willenskraft;Der Charakter wählt ein Gerät mit aktiver WiFi-Funktion aus, das er in der Matrix entdeckt hat. Er kann dieses Gerät als Ziel markieren und die Zieldaten an ein Pilotprogramm oder an eine Person mit einer Sensorstufe oder einem Smartlink schicken. Das Pilotprogramm und/oder die Geräte der Person müssen als Slaves der Riggerkonsole des Charakters eingerichtet sein. Bis zum Ende der Kampfrunde erhalten diese Slaves beim Angriff auf das markierte Gerät einen Würfelpoolbonus in Höhe der Nettoerfolge des Charakters bei dieser Matrixhandlung. Die Rauschunterdrückung seiner Riggerkonsole wird bei dieser Handlung als Würfelpoolbonus addiert.
Gerät neu starten;Matrixhandlung;Komplexe Handlung;Computer + Logik;Datenverarbeitung;3;Firewall + Willenskraft;Das Zielgerät dieser Handlung schaltet sich ab und startet sofort neu. Es ist am Ende der nächsten Kampfrunde wieder online. Das Gerät stellt seine elektronischen Funktionen ein und verschwindet aus der Matrix, bis es neu gestartet ist. Wenn der Charakter das Gerät, auf dem seine Persona läuft, neu startet, wird sein Betriebssystem zurückgesetzt, alle seine Marken verschwinden, und alle Marken von anderen Personas auf seinem Icon verschwinden. Wenn er sich in der VR be ndet, während er den Neustart durchführt, erleidet er Auswurfschock (S. 226). Wenn er wieder online ist, kann sein Icon auf jedem Gitter erscheinen, zu dem er eine Zugangsberechtigung hat – oder auf dem öffentlichen Gitter, wenn er keine Zugangsberechtigungen hat. Wenn der Charakter diese Handlung durchführt, kann er zwischen dem Abschalten und dem Neustart eine beliebige Verzögerung einrichten. Wer physischen Zugang zu dem Gerät hat, kann diese Verzögerung zunichtemachen, indem er den Netzschalter drückt, was das Gerät zum Starten zwingt. Dann ist das Gerät am Ende der nächsten Kampfrunde wieder online. Diese Handlung funktioniert nur bei Geräten. Sie funktioniert nicht bei Hosts, Lebewesen (wie Technomancern, die sich allerdings selbst „neu starten“ können, siehe S. 249) oder Resonanzkonstrukten (wie etwa Sprites). Die einzige Persona, bei der diese Handlung funktioniert, ist die des Charakters. Wenn der Charakter der Besitzer des Geräts ist, das er neu startet, muss er keine Probe ablegen. Er kann diese Handlung nicht mit einem Gerät durchführen, das mit einer Linksperre (S. 226) belegt ist.
Gerät steuern;Matrixhandlung;Variabel;Elektronische Kriegsführung + Intuition;Schleicher;s. Beschreibung;Firewall + Intuition (oder Erfolgsprobe);Probe: (je nach Handlung) [Datenverarbeitung (oder speziell)] gegen (je nach Handlung) oder Elektronische Kriegsführung + Intuition [Schleicher] gegen Intuition + Firewall Mit seinem Kommlink oder Deck als Fernsteuerung führt der Charakter mit einem Gerät, über das er genügend Kontrolle hat, eine Handlung durch. Der Würfelpool der Proben wird dabei aus der passenden Fertigkeit + dem Attribut gebildet, die auch bei der normalen Benutzung des Geräts eingesetzt würden. Würde man zum Beispiel die montierte Waffe einer Drohne abfeuern, müsste man mit Geschütze + Logik würfeln, bei einem ferngesteuerten Unterwasserschweißgerät hingegen mit Seefahrtmechanik + Logik. Alle Handlungen, die der Charakter mit Gerät Steuern durchführt, nutzen entweder das normale Limit oder sein Attribut Datenverarbeitung, je nachdem, welches niedriger ist. Wenn es zu der Handlung, die der Charakter durchführen will, keine Probe gibt (wie etwa beim Aufsperren eines Magschlosses oder dem Auswerfen eines Ladestreifens) muss ihm eine Vergleichende Probe auf Elektronische Kriegsführung + Intuition [Schleicher] gegen Intuition + Firewall gelingen. Man kann mit dieser Handlung mehrere Geräte gleichzeitig steuern. Wenn man der Besitzer aller gesteuerten Geräte ist und alle Geräte exakt dasselbe tun sollen, werden alle mit demselben Würfelpool und derselben Handlung bedient. Ansonsten wird der Würfelpool des Charakters auf alle Geräte aufgeteilt, die er mit einer einzigen Handlung steuern will. Die Art der Handlung (Frei, Einfach oder Komplex) ist dieselbe wie bei der normalen Benutzung des Geräts. Für eine Freie Handlung braucht man 1 Marke, für eine Einfache Handlung 2 Marken und für eine Komplexe Handlung 3 Marken auf dem Gerät. Diese Handlung ist eine Schleicherhandlung, sofern Schleicher als Limit verwendet wird, und unterliegt dann demselben Risiko eines Overwatch-Werts und denselben Konsequenzen beim Misslingen wie alle Schleicherhandlungen.
Gitterwechsel;Matrixhandlung;Komplexe Handlung;ohne;ohne;Keine;ohne;Der Charakter springt in ein anderes Gitter, zum Beispiel vom öffentlichen Gitter nach Emerald City, dem lokalen Gitter von Seattle. Um das durchzuführen, muss er eine Zugangsberechtigung für das Zielgitter haben. Wen er diese nicht hat, muss er mit Brute Force oder Eiligem Hacken das Gitter wechseln. Wenn er sich in einem Host be ndet, muss er diesen erst verlassen, bevor er das Gitter wechseln kann.
Host betreten/verlassen;Matrixhandlung;Komplexe Handlung;ohne;ohne;1;ohne;Der Charakter betritt einen Host, auf dem er eine Marke platziert hat, und sein Icon erscheint dort. Oder er verlässt den Host, in dem er sich be ndet. Zu dieser Handlung gibt es keine Probe: Ein Host lässt jeden rein, der eine Marke auf ihm hat, und jeder, der in einem Host ist, kann ihn verlassen. Der Host ist aber im Inneren vielleicht nicht mehr so freundlich, und einige IC-Arten können Personas in einem Host gefangen halten, bis sie ausbrechen können. Wenn der Charakter einen Host verlässt, kehrt er in das Gitter zurück, aus dem er ihn betreten hat.
Icon aufspüren / Datei aufspüren;Matrixhandlung;Komplexe Handlung;Computer + Intuition;Datenverarbeitung;2;Schleicher + Willenskraft;Der Charakter  ndet den physischen Aufenthaltsort eines Geräts oder einer Persona. Wenn er bei dieser Handlung Erfolg hat, kennt immer er den Aufenthaltsort des Ziels, solange er mindestens 1 Marke darauf hat. Zum ersten Durchführen der Handlung muss er allerdings 2 Marken auf dem Ziel haben. Diese Handlung funktioniert nur bei Hosts, die mit einem einzigen physischen Ort verbunden sind. Die meisten Hosts sind allerdings über mehrere Datenzentren verteilt, die ihrem Besitzer (oder dem Provider ihres Besitzers) gehören. IC-Programme sind auf ihren jeweiligen Host beschränkt, weswegen Icon Aufspüren bei ihnen denselben Beschränkungen wie bei Hosts unterliegt.
Icon verändern;Matrixhandlung;Komplexe Handlung;ohne;ohne;Besitzer;ohne;Der Charakter verändert das Icon des Ziels zu einem, von dem er eine Kopie hat oder das er selbst entworfen hat. Das Verändern eines Icons ändert nichts an den Ergebnissen einer Matrixwahrnehmung, kann aber Personas reinlegen, die nicht die Zeit haben, genau nachzusehen. Man kann natürlich auch sein eigenes Icon verändern.
In ein Gerät springen;Matrixhandlung;Komplexe Handlung;Elektronische Kriegsführung + Logik;Datenverarbeitung;3;Firewall + Willenskraft;Mit dieser Handlung springt ein Charakter in ein Gerät mit Riggerinterface (meist ein Fahrzeug oder eine Drohne). Es gibt allerdings einige Voraussetzungen, die dafür erfüllt sein müssen: Der Charakter muss 3 Marken auf dem Gerät haben, er muss sich in der VR be nden, das Gerät muss ein Riggerinterface haben, und der Charakter muss eine Riggerkontrolle haben. Wenn der Charakter der Besitzer des Geräts ist oder der Besitzer ihm das Hineinspringen erlaubt hat, ist dafür keine Probe nötig. In der Matrix wird das Icon des Geräts, in das der Charakter hineingesprungen ist, zum Teil seiner Persona. Wenn bereits jemand anderer in das Gerät hineingesprungen ist, kann der Charakter diese Handlung nicht durchführen, bis der andere das Gerät verlässt.
Infrastruktur Unterwandern;Matrixhandlung;Komplexe Handlung;Elektronische Kriegsführung + Intuition;Schleicher;1;Firewall + Intuition;Manchmal braucht man einfach eine grüne Welle. Und eine rote für den Feind. Und gratis Soy-Drinks auf der ganzen Strecke. Mit dieser Handlung kann ein Decker oder Technomancer die Funktion mehrerer physischer Geräte leicht verändern, sodass sie auf seine Befehle hören. Wenn der Hacker mindestens eine Marke auf dem Host platziert hat, kann er mit einer erfolgreichen Vergleichenden Probe auf Elektronische Kriegsführung + Intuition [Schleicher] gegen Intuition + Firewall pro Nettoerfolg ein einfaches Gerät (Ampeln, Verkaufsautomaten, Haushaltsgeräte, Lampen usw. nach Maßgabe des Spielleiters) steuern, das Slave dieses Hosts ist. Diese Handlung kann nicht ausgeführt werden, um mit dem gesteuerten Gerät einen Angriff durchzuführen. Der Hacker kann die Kontrolle über diese Geräte aufrechterhalten, indem er pro Kampfrunde eine Komplexe Handlung aufwendet.
Intervention;Matrixhandlung;Unterbrechungshandlung;Computer + Intuition;Datenverarbeitung;Keine;ohne;"Verfolge die unsichtbaren Datenströme zwischen Geräten und warne deine Verbündeten gerade rechtzeitig, damit sie nicht schweren Schaden erleiden. Mit dieser Handlung kann der Hacker dem Besitzer eines Gerätes, das Slave in seinem PAN ist, einen sofortigen Würfelpoolbonus zur Verteidigung verleihen. Diese Handlung kann nur durchgeführt werden, wenn das angreifende Gerät seine WiFi-Funktion aktiviert hat und der Hacker den Angriff bemerkt. Wenn er diese Handlung durchführt, sinkt sein Initiativeergebnis um 5. Der Hacker legt eine Probe auf Computer + Intuition [Datenverarbeitung] ab und verleiht dem Verbündeten einen Würfelpoolbonus für Verteidigungsproben in Höhe der Anzahl der Erfolge. Dieser Bonus gilt nur für die gegenwärtige Verteidigungsprobe; er kann nicht in einer anderen Kampfrunde oder einem anderen Initiativedurchgang genutzt werden."
Kalibrierung;Matrixhandlung;Einfache Handlung;Elektronische Kriegsführung + Logik;Datenverarbeitung;s. Beschreibung;ohne;Der Charakter kann die momentanen Initiativeergebnisse einiger Personas erhöhen, auf denen er Marken platziert hat. Deren Initiativeergebnis steigt um 1 pro 2 volle Erfolge bei dieser Handlung. Die Anzahl der betroffenen Personas kann nicht höher sein als das Attribut Datenverarbeitung des Charakters. Das neue Initiativeergebnis wird wie üblich in jedem Initiativedurchgang angepasst.
Marke einladen;Matrixhandlung;Einfache Handlung;ohne;ohne;Besitzer;ohne;Wenn der Charakter der Besitzer eines Geräts, einer Datei oder Persona, eines Hosts oder eines IC ist, kann er andere Icons einladen, darauf eine Marke zu platzieren. Er kann bei dieser Einladung festlegen, wie viele Marken er zulassen will, wie lange diese bestehen bleiben und wie lange die Einladung gilt. Der Eingeladene kann seine Marke(n) dann mit einer Freien Handlung platzieren. Der Charakter kann diese Einladung jederzeit widerrufen, bevor die Marke platziert wurde. Wenn allerdings ein anderes Icon schon eine Marke platziert hat, muss er entweder die Handlung Marke Löschen durchführen oder das Gerät neu starten, um diese vor Ablauf ihres Bestehens loszuwerden.
Marke löschen;Matrixhandlung;Komplexe Handlung;Computer + Logik;Datenverarbeitung / Angriff;s. Beschreibung;Firewall + Willenskraft;Der Charakter löscht eine Marke, die auf seiner Persona oder einem anderen Icon platziert wurde. Um diese Handlung durchzuführen, muss er selbst 3 Marken auf dem Icon haben, von dem er eine Marke löschen will (oder dessen Besitzer sein). Er braucht aber keine Marke auf dem Icon, das die Marke platziert hat. Er kann versuchen, mit derselben Handlung 2 Marken zu löschen, was allerdings einen Malus von -4 ergibt. Mit einem Malus von -10 kann er 3 Marken auf einmal löschen. Wenn er mehr als eine Marke auf einmal löschen will, müssen all diese Marken vom selben Icon platziert worden sein. Der Charakter kann mit dieser Handlung nicht die Besitzrechte am Zielicon verändern. Nehmen wir an, ein IC hätte Sie und Ihren Kumpel markiert. IC verwendet die Attribute des Hosts, auf dem es läuft. Sie würfeln mit Computer + Logik [Angriff] gegen die Hoststufe (statt Willenskraft) + Firewall, um die Marke von Ihrem eigenen Icon zu löschen. Sie brauchen 3 Marken auf dem Icon Ihres Kumpels, um die Marken des IC davon zu löschen, aber er hat das nicht zugelassen, also ist er auf sich gestellt.
Maskerade;Matrixhandlung;Komplexe Handlung;Hacking + Intuition;Schleicher;2;Firewall + Logik;Du kannst vielleicht nicht die Persona von jemand anderem benutzen, aber du kannst es so gut vortäuschen, dass der Feind den Unterschied nicht erkennt. Soweit er sehen kann, bist du wirklich einer der Wuxing-Fünflinge. Mit dieser Handlung kann der Hacker eine Persona in der Matrix nachahmen. Weil die Daten einer Persona in Echtzeit aktualisiert werden, benötigt diese Handlung 2 Marken auf der Quelle (der Persona, die nachgeahmt werden soll) und 2 Marken auf dem Ziel (dem Icon, das getäuscht werden soll). Pro Nettoerfolg einer Vergleichenden Probe auf Hacking + Intuition [Schleicher] gegen Logik + Firewall des Ziels kann der Hacker dieses für eine Minute davon überzeugen, dass seine Persona die der Quelle ist. Das kann verwendet werden, um jemanden online zu verkörpern, dessen Anrufe abzufangen, statt seiner soziale Medien zu benutzen, seinen E-Mail-Verlauf zu durchforsten oder anderen kreativen Schabernack zu treiben. Vorgänge wie das Verändern des Besitzers eines Geräts oder das Durchführen größerer Finanztransaktionen (wie bei Bankgeschäften) sind allerdings zu stark gesichert, um sie mit Maskerade durchführen zu können. Wenn sich die verkörperte Persona ausloggt, gehen die Marken sofort verloren, und die Täuschung fliegt auf. Trotz der Maskerade gilt der Hacker regeltechnisch niemals als Besitzer der Geräte der verkörperten Persona.
Matrixsuche;Matrixhandlung;Variabel;Computer + Intuition;Datenverarbeitung;Keine;ohne;Der Charakter sucht in der Matrix nach Informationen zu einem Thema. Wie lange das dauert und welcher Schwellenwert für die Probe gilt, hängt von der Verfügbarkeit der entsprechenden Information und dem durchsuchten Bereich ab. Jeder Nettoerfolg kann genutzt werden, um die Suche zu beschleunigen. Dazu wird der Grundzeitraum durch die Anzahl der Nettoerfolge dividiert. Wenn die Probe misslingt, verbringt der Charakter trotzdem den vollen Grundzeitraum mit der Suche (auch wenn er nichts  ndet). Manche Informationen sind geschützt und geheim und liegen auf einem Host, der nicht öffentlich zugänglich ist. Das Auf nden solcher Informationen setzt meist voraus, dass der Charakter den Host  ndet und betritt, in dem die Daten versteckt sind. Dann kann er innerhalb des Hosts eine Matrixsuche mit einem Grundzeitraum von 1 Minute (unabhängig von der Art der gesuchten Information) durchführen. Das funktioniert aber nur, wenn auf diese Information wenigstens gelegentlich von den legalen Nutzern zugegriffen wird. Wenn sie sich in einem Archiv be ndet, muss der Charakter tiefer in den Host eindringen – ein gefährliches Unterfangen, das im bald erscheinenden Matrix-Quellenbuch weiter erklärt wird.
Matrixwahrnehmung;Matrixhandlung;Komplexe Handlung;Computer + Intuition;Datenverarbeitung;Keine;Logik + Schleicher;Diese wichtige und vielseitige Handlung wird zum Finden von Icons und zum Analysieren von Objekten in der Matrix verwendet. Wenn ein Charakter diese Handlung durchführt, um ein Matrixobjekt zu analysieren oder in der Umgebung nach Icons auf Schleichfahrt zu suchen, legt er eine Erfolgsprobe ab, deren Erfolge angeben, wie viel er heraus ndet. Für jeden Nettoerfolg kann er eine Information erhalten: die Geräteart, eine Stufe, die Anzahl an Marken auf dem Objekt, Dateien, die das Icon trägt, das benutzte Gitter, ob es in der Umgebung Icons auf Schleichfahrt gibt oder andere passende Matrixinformationen. Wenn der Charakter etwas über Marken erfährt, kann er nur Marken erkennen, die er bereits einmal gesehen hat oder die von Personas platziert wurden, auf denen er selbst Marken platziert hat. Ansonsten erhält er nur die Zahl der Marken als Information. Wenn der Charakter versucht, ein Icon zu erkennen, das mehr als 100 Meter entfernt ist, legt er eine Erfolgsprobe ab: Der erste Erfolg lässt ihn das Ziel erkennen, zusätzliche Erfolge können wie oben erwähnt Zusatzinformationen geben. Wenn er nach einem Icon sucht, das auf Schleichfahrt läuft (nachdem er erfahren hat, dass es ein solches gibt), wird die Probe zur Vergleichenden Probe, wobei das Ziel sich mit Logik + Schleicher wehrt. Nettoerfolge werden wie beim Entdecken eines entfernten Ziels behandelt: Der erste Nettoerfolg lässt den Charakter das Ziel erkennen, weitere Nettoerfolge liefern Zusatzinformationen.
Nachricht übermitteln;Matrixhandlung;Einfache Handlung;ohne;ohne;1;ohne;Der Charakter schickt eine Text- oder Audionachricht (einen kurzen Satz), ein Bild oder eine Datei durch die Matrix zu einem User, dessen Kommcode er hat. Wenn der Charakter die Matrix durch ein DNI benutzt, kann er – selbst in der AR – längere und kompliziertere Botschaften versenden (etwa einen Absatz an Text). Außerdem kann er diese Handlung verwenden, um eine Live-Übertragung für einen oder mehrere Empfänger zugänglich zu machen, die von einem digitalen Aufzeichnungsgerät, das er hat, aufgezeichnet wird. Drohnen kann man mit dieser Handlung auch Befehle übermitteln.
Overwatch-Wert bestimmen;Matrixhandlung;Einfache Handlung;Elektronische Kriegsführung + Intuition;Schleicher;Keine;gegen 6 Würfel;Der Charakter kann heraus nden, wie dicht ihm die Halbgötter des Gitters auf den Fersen sind. Das Bestimmen des OW ist eine Schleicherhandlung, also erhöht sich der OW um die Erfolge der Gegenseite. Bei einem Erfolg teilt Ihnen der Spielleiter den OW mit, der vor der Handlung bestanden hat. Dann erhöht er ihn entsprechend der Erfolge der Gegenseite.
Pilotprogramm verwirren;Matrixhandlung;Komplexe Handlung;Elektronische Kriegsführung + Logik;Datenverarbeitung;Keine;Pilot + Firewall;Der Charakter schickt einen Datenstrom an ein Gerät mit Pilotstufe (meistens eine Drohne, manchmal aber auch ein autonomes Fahrzeug oder eine Geschützstellung), der wie gültige Befehle aussieht, aber tatsächlich nur Kauderwelsch ist. Gelingt die Probe, wird das Programm verwirrt und muss sofort eine Erfolgsprobe mit Pilotstufe x 2 ablegen, um festzulegen, was es machen soll (s. SR5, S. 267). Der Schwellenwert für diese Probe entspricht der (aufgerundeten) Hälfte der Nettoerfolge des Charakters. Die Rauschunterdrückung seiner Riggerkonsole wird bei dieser Handlung als Würfelpoolbonus addiert.
Pop-up;Matrixhandlung;Einfache Handlung;Hacking + Logik oder Matrixkampf + Logik;Schleicher oder Angriff;1;Firewall + Willenskraft;Schätzchen, ich schwöre, dass ich nie auf diesen Seiten war. Wo kommt das alles her? Ich weiß nicht, warum das passiert … Das Ziel muss eine Persona sein, die nicht in der VR läuft. Wenn das Ziel AR über WiFi aktiviert hat, wird es von Spam überflutet und erhält bis zum Beginn der nächsten Kampfrunde auf alle Handlungen einen Würfelpoolmalus gleich der Anzahl der Nettoerfolge des Hackers. Wenn der Hacker Matrixkampf + Logik einsetzt, verursacht der Angriff auch Matrixschaden in Höhe der Anzahl der Nettoerfolge (dem wie gewohnt widerstanden wird, s. SR5, S. 225). Wenn der Angreifer Hacking + Logik einsetzt, kann er sofort so handeln, als wären seine Nettoerfolge die einer Matrixwahrnehmungsprobe, und damit jede relevante Information erhalten.
Programm abstürzen lassen;Matrixhandlung;Komplexe Handlung;Matrixkampf + Logik;Angriff;1;Firewall + Intuition;Der Charakter überlastet einen Teil des Hauptspeichers des Ziels und bringt damit eines seiner laufenden Programme zum Absturz. Er muss ansagen, welches Programm er abstürzen lassen will. Der Charakter kann entweder durch Matrixwahrnehmung oder dadurch, dass er das Programm in Aktion sieht, heraus nden, welche Programme das Ziel laufen lässt. Wenn der Charakter gewinnt, stürzt das Programm ab: Es wird beendet und kann erst wieder gestartet werden, wenn das zugehörige Gerät neu gestartet wird.
Rauschen unterdrücken;Matrixhandlung;Komplexe Handlung;Elektronische Kriegsführung + Logik;Datenverarbeitung;Besitzer;ohne;Diese Handlung gestattet Riggern, mit ihrer Riggerkonsole das Rauschen zwischen ihnen und ihren Fahrzeugen oder Drohnen zu senken. Der Charakter senkt den Rauschenwert um die Erfolge bei dieser Probe. Dies wirkt kumulativ mit anderen Arten der Rauschunterdrückung. Die Wirkung hält bis zum Ende der laufenden Kampfrunde an. Die Rauschunterdrückung der Riggerkonsole des Charakters wird bei dieser Handlung als Würfelpoolbonus addiert.
Signal stören;Matrixhandlung;Komplexe Handlung;Elektronische Kriegsführung + Logik;Angriff;Besitzer;ohne;Diese Handlung verwandelt das Gerät, das der Charakter benutzt, in einen kleinen Störsender. Solange der Charakter das Gerät nicht für andere Matrixhandlungen benutzt, addiert es seine Erfolge bei der Probe zum Rauschenwert für alle Matrixhandlungen mit oder gegen Geräte im Umkreis von 100 Metern. Wenn der Charakter nur bestimmte Frequenzen oder Ziele stören will, sollte er einen echten Störsender kaufen – dafür sind sie schließlich da.
Stalking;Matrixhandlung;Komplexe Handlung;Elektronische Kriegsführung + Logik;Schleicher;Keine;Firewall + Logik;Du kannst nichts machen, ohne dass ich es mitkriege. Nicht mal atmen … Das Ziel muss eine Persona oder ein Gerät sein. Gelingt die Probe, platziert der Hacker eine Marke auf dem Ziel. Der Hacker erfährt nun im Vorhinein von Matrixhandlungen, die das Ziel durchführen will, und kann versuchen, diese zu verhindern. Eine Marke, die durch diese Handlung entstanden ist, erlaubt dem Hacker, Abschneiden, Pop-up (mit Initiativeergebnis -5) oder Ersticken (mit Initiativeergebnis -10) als Unterbrechungshandlungen gegen das Ziel einzusetzen. Diese Möglichkeit besteht, solange das Ziel eine Marke des Hackers trägt
Taggen;Matrixhandlung;Einfache Handlung;Computer + Logik;Datenverarbeitung;Keine;Intuition + Schleicher;Du verfolgst und analysierst feindliche Bewegungen in Echtzeit, und deine Verbündeten haben den Vorteil im Kampf. Der Hacker kann innerhalb seines Blickfelds eine Anzahl von Zielen innerhalb eines einzelnen PANs gleich der Anzahl seiner Nettoerfolge taggen. Dieses Tag kann er dann per WiFi an Verbündete übermitteln. Das Taggen eines Ziels hebt bis zu 2 Maluswürfel durch Sichtverhältnisse oder Beleuchtung bei Fernkampfangriffen der Verbündeten gegen die betroffenen Ziele auf. Der Effekt wirkt auch bei Blind Feuern wegen Unsichtbarkeit oder des Feuerns durch Deckung. Verbündete, die ein Tag sehen können, dürfen außerdem in jedem Initiativedurchgang die Handlung Zielen als Freie Handlung gegen das Ziel durchführen. Die Tags können aufrechterhalten werden, indem der Hacker zu ihrer Aktualisierung eine Einfache Handlung pro Kampfrunde aufwendet. Wenn er ein PI-Tac einsetzt, kann er dessen Gerätestufe zur Anzahl der Ziele addieren, die er taggen darf. Anmerkung: Damit die Verbündeten des Hackers von dieser Handlung profitieren können, müssen sie AROs sehen können.
Übertragung abfangen;Matrixhandlung;Komplexe Handlung;Elektronische Kriegsführung + Intuition;Schleicher;1;Firewall + Logik;Mit dieser Handlung kann der Charakter Matrixübertragungen, die von und zu einem Ziel gesendet werden, abfangen, wenn er eine Marke auf dem Ziel hat. Er kann zusehen, zuhören, mitlesen oder die Übertragung abspeichern, wenn er etwas hat, auf dem er sie speichern kann (zum Beispiel sein Deck).
Verstecken;Matrixhandlung;Komplexe Handlung;Elektronische Kriegsführung + Intuition;Schleicher;Keine;Datenverarbeitung + Intuition;Manchmal wird ein Charakter von einem anderen Icon entdeckt, selbst wenn er auf Schleichfahrt läuft. Mit dieser Handlung kann er dafür sorgen, dass ein Ziel seine Spur verliert. Wenn die Probe gelingt, kann das Ziel ihn nicht mehr entdecken und muss eine neue Matrixwahrnehmungsprobe ablegen, um ihn wiederzu nden. Der Charakter kann sich nicht vor einem Icon verstecken, das eine Marke auf ihm platziert hat, also sollte er diese vor dieser Handlung löschen.
Volle Matrixabwehr;Matrixhandlung;Unterbrechungshandlung;ohne;ohne;Besitzer;ohne;Diese Handlung erlaubt es dem Charakter, in der Matrix auf Volle Abwehr zu gehen. Sie kann jederzeit durchgeführt werden. Wenn der Charakter eine Verteidigungsprobe gegen eine Matrixhandlung ablegt, darf er seine Willenskraft als Bonus zum Würfelpool addieren (oder noch mal addieren, wenn sie bereits Teil des Pools ist). Wenn der Charakter diese Handlung durchführt, wird sein Initiativeergebnis um 10 reduziert, aber die Wirkung hält bis zum Ende der Kampfrunde an
Zielerfassung abschütteln;Matrixhandlung;Einfache Handlung;Elektronische Kriegsführung + Intuition;Datenverarbeitung;Keine;Logik + Sensor;Passive und aktive Zielerfassung mit Sensoren werden in SR5 auf Seite 186 beschrieben. Wenn der Charakter weiß (oder vermutet), dass er als Ziel erfasst wurde, kann er versuchen, diese Erfassung abzuschütteln. Er wählt einen Gegner, der ihn erfasst hat (oder von dem er das vermutet), und legt die Vergleichende Probe ab. Jeder Nettoerfolg senkt die ursprünglichen Nettoerfolge des Gegners bei der aktiven Zielerfassung um 1 und damit auch den Würfelpoolmalus des Charakters bei seinen Verteidigungsproben. Wird der Charakter nur von passiver Zielerfassung erfasst, sinkt für jeden Nettoerfolg bei der Probe das Sensor-Limit des Gegners um 1. Die Rauschunterdrückung der Riggerkonsole des Charakters wird bei dieser Handlung als Würfelpoolbonus addiert.
Zielerfassung erkennen;Matrixhandlung;Freie Handlung;Computer + Logik;Datenverarbeitung;Besitzer;Schwellenwert (2);Passive und aktive Zielerfassung mit Sensoren werden in SR5 auf Seite 186 beschrieben. Eine aktive Zielerfassung sendet WiFi- und andere Signale aus, die Hacker und Rigger erkennen können. Bei der Riggerkonsole, dem Kommlink oder dem Deck, die oder das der Charakter benutzt, muss WiFi aktiviert sein, um diese Handlung durchzuführen. Die Rauschunterdrückung der Riggerkonsole des Charakters wird bei dieser Handlung als Würfelpoolbonus addiert
